{"ttfb": {"min": 7.644216299999243, "max": 8.520689799999673, "avg": 8.070615279999766}, "ttlb": {"min": 2.999986463692039e-07, "max": 1.3999997463542968e-06, "avg": 9.199997293762863e-07}, "response time": {"min": 7.644217500001105, "max": 8.520690900000773, "avg": 8.07061659999963}}