{"ttfb": {"min": 1.9632582000012917, "max": 4.5771061000014015, "avg": 3.391315100000429}, "ttlb": {"min": 1.9999788491986692e-07, "max": 1.0000003385357559e-06, "avg": 6.899997970322147e-07}, "response time": {"min": 1.9632595000002766, "max": 4.577106600001571, "avg": 3.3913160900006916}}