{"ttfb": {"min": 3.4972937000020465, "max": 6.871996599998965, "avg": 4.940158454999983}, "ttlb": {"min": 0.030596100001275772, "max": 0.046034399998461595, "avg": 0.03726392999960808}, "response time": {"min": 3.530998099999124, "max": 6.906577899997501, "avg": 4.977423214999726}}