{"ttfb": {"min": 50.16349199999968, "max": 63.6752224999982, "avg": 58.77768148099989}, "ttlb": {"min": 0.033598499998333864, "max": 0.34065190000183065, "avg": 0.0996954480002023}, "response time": {"min": 50.21230490000016, "max": 63.75284959999772, "avg": 58.87737820599996}}