{"ttfb": {"min": 1.3556879999814555, "max": 2.558174300007522, "avg": 1.6514235559978987}, "ttlb": {"min": 0.005219100043177605, "max": 0.011837199970614165, "avg": 0.007278888002038002}, "response time": {"min": 1.3609073999687098, "max": 2.563672200019937, "avg": 1.6587028800009285}}