{"ttfb": {"min": 0.32317840005271137, "max": 0.7753519997932017, "avg": 0.43685076739965006}, "ttlb": {"min": 0.0003014998510479927, "max": 0.006077999947592616, "avg": 0.0017590731913223862}, "response time": {"min": 0.3249179997947067, "max": 0.7768307998776436, "avg": 0.4386101723951288}}