{"ttfb": {"min": 26.845446899998933, "max": 43.9951066999929, "avg": 35.037215930013915}, "ttlb": {"min": 3.00002284348011e-07, "max": 2.400018274784088e-06, "avg": 9.300012607127428e-07}, "response time": {"min": 26.845448400010355, "max": 43.99510810000356, "avg": 35.03721724000643}}