{"ttfb": {"min": 0.3264729000002262, "max": 0.911785599999348, "avg": 0.4710805946999981}, "ttlb": {"min": 0.00029519999952754006, "max": 0.011061199998948723, "avg": 0.0006930667000033282}, "response time": {"min": 0.32721870000023046, "max": 0.912902899999608, "avg": 0.4717739508500008}}