{"ttfb": {"min": 5.074334200005978, "max": 9.939912599977106, "avg": 7.615181101999479}, "ttlb": {"min": 0.005242599989287555, "max": 0.010196699993684888, "avg": 0.006010881998226978}, "response time": {"min": 5.079946900019422, "max": 9.945403099991381, "avg": 7.621192282999982}}