{"ttfb": {"min": 2.9227788999996847, "max": 4.307856399998855, "avg": 3.4174153600000863}, "ttlb": {"min": 0.029475799998181174, "max": 0.05733369999870774, "avg": 0.045282740000038756}, "response time": {"min": 2.9634704000018246, "max": 4.3611012999972445, "avg": 3.4626991250002903}}