{"ttfb": {"min": 5.095255299998826, "max": 7.67348100000163, "avg": 6.747177392000449}, "ttlb": {"min": 1.9999788491986692e-07, "max": 1.0000003385357559e-06, "avg": 5.119999696034938e-07}, "response time": {"min": 5.095256099997641, "max": 7.673481400001037, "avg": 6.747178140000251}}