{"ttfb": {"min": 0.31132009999964794, "max": 1.894124999998894, "avg": 0.7950867175999974}, "ttlb": {"min": 0.0002967999989778036, "max": 0.02700600000025588, "avg": 0.0010403027500333337}, "response time": {"min": 0.3119107000002259, "max": 1.8948058000005403, "avg": 0.7961274931000144}}