{"100": {"ttfb": {"min": 6.05725270000039, "max": 14.978229399999691, "avg": 11.00514120900003}, "ttlb": {"min": 1.9999788491986692e-07, "max": 2.1999985619913787e-06, "avg": 5.810000584460794e-07}, "response time": {"min": 6.057255499999883, "max": 14.978229799999099, "avg": 11.005142041000035}}}