{
    "ttfb": {
        "min": 3.6820133999572136,
        "max": 14.554494699987117,
        "avg": 9.684517692496593
    },
    "ttlb": {
        "min": 0.005258999997749925,
        "max": 0.01143200002843514,
        "avg": 0.006016597503912635
    },
    "response time": {
        "min": 3.6872983999783173,
        "max": 14.560815400036518,
        "avg": 9.690534585001297
    }
}