{
    "ttfb": {
        "min": 1.9064007000415586,
        "max": 2.8474190999986604,
        "avg": 2.222162374993786
    },
    "ttlb": {
        "min": 0.005383400013670325,
        "max": 0.006242899980861694,
        "avg": 0.005674549996911082
    },
    "response time": {
        "min": 1.9125334999989718,
        "max": 2.8528029000153765,
        "avg": 2.2278379874915117
    }
}