{
    "ttfb": {
        "min": 1.7757800000254065,
        "max": 5.663598799961619,
        "avg": 4.365732975004358
    },
    "ttlb": {
        "min": 0.005275100003927946,
        "max": 0.006542200047988445,
        "avg": 0.005783609993522986
    },
    "response time": {
        "min": 1.7817138999816962,
        "max": 5.670141300011892,
        "avg": 4.371516834999784
    }
}